{
    "variants": {
        "facing=north,honey_level=0": [
		    { "model": "block/bee_nest" },
			{ "model": "block/bee_nest/1" },
			{ "model": "block/bee_nest/2" }
		],
        "facing=south,honey_level=0": [
		    { "model": "block/bee_nest", "y": 180 },
			{ "model": "block/bee_nest/1", "y": 180 },
			{ "model": "block/bee_nest/2", "y": 180 }
		],
        "facing=west,honey_level=0": [
		    { "model": "block/bee_nest", "y": 270 },
			{ "model": "block/bee_nest/1", "y": 270 },
			{ "model": "block/bee_nest/2", "y": 270 }
		],
        "facing=east,honey_level=0": [
		    { "model": "block/bee_nest", "y": 90 },
			{ "model": "block/bee_nest/1", "y": 90 },
			{ "model": "block/bee_nest/2", "y": 90 }
		],
        "facing=north,honey_level=1": [
		    { "model": "block/bee_nest" },
			{ "model": "block/bee_nest/1" },
			{ "model": "block/bee_nest/2" }
		],
        "facing=south,honey_level=1": [
		    { "model": "block/bee_nest", "y": 180 },
			{ "model": "block/bee_nest/1", "y": 180 },
			{ "model": "block/bee_nest/2", "y": 180 }
		],
        "facing=west,honey_level=1": [
		    { "model": "block/bee_nest", "y": 270 },
			{ "model": "block/bee_nest/1", "y": 270 },
			{ "model": "block/bee_nest/2", "y": 270 }
		],
        "facing=east,honey_level=1": [
		    { "model": "block/bee_nest", "y": 90 },
			{ "model": "block/bee_nest/1", "y": 90 },
			{ "model": "block/bee_nest/2", "y": 90 }
		],
        "facing=north,honey_level=2": [
		    { "model": "block/bee_nest" },
			{ "model": "block/bee_nest/1" },
			{ "model": "block/bee_nest/2" }
		],
        "facing=south,honey_level=2": [
		    { "model": "block/bee_nest", "y": 180 },
			{ "model": "block/bee_nest/1", "y": 180 },
			{ "model": "block/bee_nest/2", "y": 180 }
		],
        "facing=west,honey_level=2": [
		    { "model": "block/bee_nest", "y": 270 },
			{ "model": "block/bee_nest/1", "y": 270 },
			{ "model": "block/bee_nest/2", "y": 270 }
		],
        "facing=east,honey_level=2": [
		    { "model": "block/bee_nest", "y": 90 },
			{ "model": "block/bee_nest/1", "y": 90 },
			{ "model": "block/bee_nest/2", "y": 90 }
		],
        "facing=north,honey_level=3": [
		    { "model": "block/bee_nest" },
			{ "model": "block/bee_nest/1" },
			{ "model": "block/bee_nest/2" }
		],
        "facing=south,honey_level=3": [
		    { "model": "block/bee_nest", "y": 180 },
			{ "model": "block/bee_nest/1", "y": 180 },
			{ "model": "block/bee_nest/2", "y": 180 }
		],
        "facing=west,honey_level=3": [
		    { "model": "block/bee_nest", "y": 270 },
			{ "model": "block/bee_nest/1", "y": 270 },
			{ "model": "block/bee_nest/2", "y": 270 }
		],
        "facing=east,honey_level=3": [
		    { "model": "block/bee_nest", "y": 90 },
			{ "model": "block/bee_nest/1", "y": 90 },
			{ "model": "block/bee_nest/2", "y": 90 }
		],
        "facing=north,honey_level=4": [
		    { "model": "block/bee_nest" },
			{ "model": "block/bee_nest/1" },
			{ "model": "block/bee_nest/2" }
		],
        "facing=south,honey_level=4": [
		    { "model": "block/bee_nest", "y": 180 },
			{ "model": "block/bee_nest/1", "y": 180 },
			{ "model": "block/bee_nest/2", "y": 180 }
		],
        "facing=west,honey_level=4": [
		    { "model": "block/bee_nest", "y": 270 },
			{ "model": "block/bee_nest/1", "y": 270 },
			{ "model": "block/bee_nest/2", "y": 270 }
		],
        "facing=east,honey_level=4": [
		    { "model": "block/bee_nest", "y": 90 },
			{ "model": "block/bee_nest/1", "y": 90 },
			{ "model": "block/bee_nest/2", "y": 90 }
		],
        "facing=north,honey_level=5": [
		    { "model": "block/bee_nest_honey" },
			{ "model": "block/bee_nest_honey/1" },
			{ "model": "block/bee_nest_honey/2" }
		],
        "facing=south,honey_level=5": [
		    { "model": "block/bee_nest_honey", "y": 180 },
			{ "model": "block/bee_nest_honey/1", "y": 180 },
			{ "model": "block/bee_nest_honey/2", "y": 180 }
		],
        "facing=west,honey_level=5": [
		    { "model": "block/bee_nest_honey", "y": 270 },
			{ "model": "block/bee_nest_honey/1", "y": 270 },
			{ "model": "block/bee_nest_honey/2", "y": 270 }
		],
        "facing=east,honey_level=5": [
		    { "model": "block/bee_nest_honey", "y": 90 },
			{ "model": "block/bee_nest_honey/1", "y": 90 },
			{ "model": "block/bee_nest_honey/2", "y": 90 }
		]
    }
}
