{
    "variants": {
        "": [
            { "model": "block/grass/0", "weight": 10 },
            { "model": "block/grass/1", "weight": 10 },
            { "model": "block/grass/2", "weight": 10 },
            { "model": "block/grass/3", "weight": 3 },
			{ "model": "block/grass/4", "weight": 10 },
			{ "model": "block/grass/5", "weight": 10 },
			{ "model": "block/grass/6", "weight": 3 },
			{ "model": "block/grass/7", "weight": 3 },
			{ "model": "block/grass/8", "weight": 3 }
        ]
    }
}

