{
    "variants": {
        "charges=0": [
        	{ "model": "minecraft:block/respawn_anchor_0" },
			{ "model": "minecraft:block/respawn_anchor/0_1" },
			{ "model": "minecraft:block/respawn_anchor/0_2" },
			{ "model": "minecraft:block/respawn_anchor/0_3" }
        ],
        "charges=1": [
        	{ "model": "minecraft:block/respawn_anchor_1" },
			{ "model": "minecraft:block/respawn_anchor/1_1" },
			{ "model": "minecraft:block/respawn_anchor/1_2" },
			{ "model": "minecraft:block/respawn_anchor/1_3" }
        ],
        "charges=2": [
        	{ "model": "minecraft:block/respawn_anchor_2" },
			{ "model": "minecraft:block/respawn_anchor/2_1" },
			{ "model": "minecraft:block/respawn_anchor/2_2" },
			{ "model": "minecraft:block/respawn_anchor/2_3" }
        ],
        "charges=3": [
        	{ "model": "minecraft:block/respawn_anchor_3" },
			{ "model": "minecraft:block/respawn_anchor/3_1" },
			{ "model": "minecraft:block/respawn_anchor/3_2" },
			{ "model": "minecraft:block/respawn_anchor/3_3" }
        ],
        "charges=4": [
        	{ "model": "minecraft:block/respawn_anchor_4" },
			{ "model": "minecraft:block/respawn_anchor/4_1" },
			{ "model": "minecraft:block/respawn_anchor/4_2" },
			{ "model": "minecraft:block/respawn_anchor/4_3" }
		]
    }
}
