{
    "variants": {
        "": [
            { "model": "block/red_mushroom", "weight": 4 },
            { "model": "block/red_mushroom/1", "weight": 4 },
            { "model": "block/red_mushroom/2", "weight": 1 },
            { "model": "block/red_mushroom/3", "weight": 4 },
            { "model": "block/red_mushroom/4", "weight": 3 },
            { "model": "block/red_mushroom/5", "weight": 1 },
            { "model": "block/red_mushroom/6", "weight": 3 },
            { "model": "block/red_mushroom/7", "weight": 1 }
        ]
    }
}
